Title,Summary,Publication Date,Source,URL,Category
Israel intercepts Hezbollah missile fired at Tel Aviv,"The attack, reportedly the first ever by Hezbollah, and directed at Mossad headquarters, was foiled ",24-09-2024,BBC,https://www.bbc.com/news/live/c5y32qew9z2t,Uncategorized
"Thousands Flee Southern Lebanon, as Israel Presses Air Attack on Hezbollah","Lebanese health officials said Israeli attacks since Monday have killed hundreds, including women an",24-09-2024, New York Times,https://www.nytimes.com/live/2024/09/24/world/gaza-israel-hamas-hezbollah?source=nyt_sports,Health
U.N. General Assembly: U.N. Live Updates: World Leaders Confront Global Turmoil at U.N.,"Hours after President Biden delivered his final U.N. speech, Masoud Pezeshkian, who was elected in J",24-09-2024, New York Times,https://www.nytimes.com/live/2024/09/24/world/unga-2024-biden?source=nyt_sports,Politics
"In Lebanon’s Capital, Israel’s Strikes Stoke Fears of a Full-On War","With Monday’s attacks across southern Lebanon, the prospect of the escalating conflict enveloping th",24-09-2024, New York Times,/2024/09/24/world/middleeast/lebanon-beirut-israel-strikes.html,Uncategorized
Ukrainian Poet and Rock Star Fights Near Front and Performs Behind It,"Serhiy Zhadan, 50, is a beloved Ukrainian poet as well as a novelist, lyricist and rock star. Furiou",24-09-2024, New York Times,/2024/09/24/world/europe/ukraine-serhiy-zhadan-poetry.html,Uncategorized
China Says It Launched a Rocket With a Dummy Warhead Into the Pacific,"The ballistic missile launch is a sign of the commitment of Xi Jinping, China’s leader, to continue ",25-09-2024, New York Times,/2024/09/25/world/asia/china-missile-rocket-force.html,Uncategorized
Israel Says It Shot Down Missile Over Tel Aviv,The missile fired from Lebanon was the first time Hezbollah launched an attack on Israel’s second-mo,24-09-2024, New York Times,/2024/09/25/world/middleeast/tel-aviv-hezbollah-missile.html,Uncategorized
Wednesday Briefing: The U.N. General Assembly Convenes,"Plus, news outlets experiment with WhatsApp.",25-09-2024, New York Times,/2024/09/25/briefing/un-general-assembly-hezbollah-israel-lebanon-trump.html,Uncategorized
Taiwan and U.S. Work to Counter China’s Drone Dominance,"Officials hope that Taiwan can become a bigger player in the supply chain for drones, a move that wo",25-09-2024, New York Times,/2024/09/25/world/asia/us-taiwan-drones-china.html,Uncategorized
A Litmus Test in Japan: Should Spouses Be Able to Have Different Surnames?,The nine candidates vying to become prime minister have been differentiated by their stances on a la,25-09-2024, New York Times,/2024/09/25/world/asia/japan-election-surnames.html,Uncategorized
Study Finds Climate Change Doubled Likelihood of Recent European Floods,Storm Boris dumped record amounts of rain over Central and Eastern Europe this month. A new study fo,25-09-2024, New York Times,/2024/09/24/climate/climate-change-europe-floods-boris.html,Uncategorized
"As U.N. Meets, Israel Pounds Targets in Lebanon, Sending Civilians Fleeing",Israel said it was striking Hezbollah targets with “high intensity” to keep the campaign as short as,25-09-2024, New York Times,/2024/09/24/world/middleeast/israel-hezbollah-lebanon.html,Uncategorized
What Lebanon Looks Like After Israel’s Historic Airstrikes,The destruction from one of the most intense air raids in modern warfare stretches across southern L,25-09-2024, New York Times,/2024/09/24/world/middleeast/lebanon-damage-israel-airstrikes.html,Uncategorized
Wednesday Briefing: The U.N. General Assembly Convenes,"Plus, news outlets experiment with WhatsApp.",25-09-2024, New York Times,/2024/09/24/briefing/unga-lebanon-harris-trump.html,Uncategorized
"Zelensky Addresses the Security Council, Calling for Attention to Stay on Ukraine",“Russia can Politics only be forced into peace.” President Volodymyr Zelensky of Ukraine urged the Council me,25-09-2024, New York Times,/2024/09/24/world/europe/zelensky-un-security-council-ukraine-war.html,Politics
